# caller_count	func_start	func_end	src_files	sites	ref_strings
22	0xcc8bd0	0xcca75f		0xcc9067,0xcc91a5,0xcc9235,0xcc9312,0xcc93c9,0xcc9489,0xcc954a,0xcc95fd,0xcc96cc,0xcc97b6,0xcc987a,0xcc9950,0xcc9a13,0xcc9ad3,0xcc9bb0,0xcc9c77,0xcc9d2a,0xcc9dea,0xcc9ead,0xcc9f79,0xcca05f,0xcca143	
18	0xbdb880	0xbdd151		0xbdbd32,0xbdbe31,0xbdbebc,0xbdbf3f,0xbdbfbb,0xbdc037,0xbdc303,0xbdc49b,0xbdc566,0xbdc633,0xbdc711,0xbdc7cb,0xbdc89b,0xbdca04,0xbdcaae,0xbdcb7c,0xbdcc26,0xbdcce2	
14	0xa9fcd0	0xaa0e10		0xa9fe4a,0xa9ff46,0xaa023b,0xaa02c1,0xaa03e3,0xaa04c3,0xaa0585,0xaa0613,0xaa06ae,0xaa072f,0xaa07a3,0xaa0885,0xaa093d,0xaa0a19	
12	0x8af530	0x8b06fd		0x8af8a7,0x8af9cd,0x8afd07,0x8afe3c,0x8afeb1,0x8aff23,0x8aff95,0x8b0012,0x8b013e,0x8b01fa,0x8b0435,0x8b05e6	
11	0x85bd60	0x85ccde		0x85be2f,0x85bef1,0x85bfc7,0x85c156,0x85c392,0x85c5f5,0x85c7ec,0x85c8ac,0x85c96d,0x85ca51,0x85cc5c	
9	0x7d57c0	0x7d649f		0x7d5904,0x7d5aa7,0x7d5cb2,0x7d5dd1,0x7d5ef4,0x7d60c6,0x7d62e0,0x7d6399,0x7d6444	
8	0x9473f0	0x94827c	pdxpreallocatedarray.h	0x9477a5,0x947833,0x947d46,0x947e4d,0x947f22,0x948099,0x948160,0x94821a	0x24b80a8:Wrapping array growing, GetSize(): %d GetCapacity(): %d
7	0x6b9990	0x6ba579		0x6ba15f,0x6ba1dd,0x6ba25d,0x6ba2f1,0x6ba385,0x6ba3fb,0x6ba471	
7	0xdd9070	0xdd9715		0xdd91de,0xdd92c2,0xdd93ac,0xdd9482,0xdd9540,0xdd95fe,0xdd96bc	
6	0x24ab30	0x24d4c5		0x24af0f,0x24b2c0,0x24b37f,0x24b44a,0x24b519,0x24b8f0	0x24c0744:meta
6	0x8d85e0	0x8d92f8		0x8d8e0a,0x8d8efa,0x8d8fea,0x8d90f2,0x8d91dd,0x8d929a	
5	0x813ea0	0x814f68	pdxpreallocatedarray.h	0x8141f6,0x8142cc,0x8147a6,0x81487c,0x814b16	0x24b80a8:Wrapping array growing, GetSize(): %d GetCapacity(): %d | 0x24b80a8:Wrapping array growing, GetSize(): %d GetCapacity(): %d | 0x24b80a8:Wrapping array growing, GetSize(): %d GetCapacity(): %d
5	0x846ae0	0x8470a5		0x846c1f,0x846caf,0x846d4a,0x846dea,0x846ea6	
5	0xb5be10	0xb5c337		0xb5beaf,0xb5c03d,0xb5c0b5,0xb5c13e,0xb5c20f	
5	0xd05820	0xd068bd		0xd05b8b,0xd05c2e,0xd05c97,0xd0610a,0xd061fe	
5	0xddce30	0xddd33a		0xddcef8,0xddcfba,0xddd067,0xddd134,0xddd1f4	
5	0xe6c230	0xe6cbcc		0xe6c703,0xe6c790,0xe6c85c,0xe6c931,0xe6c9ae	
4	0x27aca0	0x27b248		0x27adc3,0x27af03,0x27b008,0x27b115	
4	0x27bb80	0x27c128		0x27bca3,0x27bde3,0x27bee8,0x27bff5	
4	0x27c7a0	0x27cd48		0x27c8c3,0x27ca03,0x27cb08,0x27cc15	
4	0x27d3b0	0x27d958		0x27d4d3,0x27d613,0x27d718,0x27d825	
4	0x27dfd0	0x27e578		0x27e0f3,0x27e233,0x27e338,0x27e445	
4	0x27ebf0	0x27f198		0x27ed13,0x27ee53,0x27ef58,0x27f065	
4	0x27f810	0x27fdb8		0x27f933,0x27fa73,0x27fb78,0x27fc85	
4	0x280430	0x2809d8		0x280553,0x280693,0x280798,0x2808a5	
4	0x281050	0x2815f8		0x281173,0x2812b3,0x2813b8,0x2814c5	
4	0x281c00	0x2821ab		0x281d23,0x281e63,0x281f68,0x282075	
4	0x282a70	0x283018		0x282b93,0x282cd3,0x282dd8,0x282ee5	
4	0x283670	0x283c18		0x283793,0x2838d3,0x2839d8,0x283ae5	
4	0x284220	0x2847d3		0x284346,0x28448f,0x284594,0x28469f	
4	0x284c50	0x285203		0x284d76,0x284ebf,0x284fc4,0x2850cf	
4	0x285680	0x285c2b		0x2857a3,0x2858e3,0x2859e8,0x285af5	
4	0x2860e0	0x286688		0x286203,0x286343,0x286448,0x286555	
4	0x286b00	0x2870ab		0x286c23,0x286d63,0x286e68,0x286f75	
4	0x287520	0x287acb		0x287643,0x287783,0x287888,0x287995	
4	0x287f40	0x2884f3		0x288066,0x2881af,0x2882b4,0x2883bf	
4	0x288980	0x288f33		0x288aa6,0x288bef,0x288cf4,0x288dff	
4	0x2893b0	0x28995b		0x2894d3,0x289613,0x289718,0x289825	
4	0x289dd0	0x28a386		0x289ef6,0x28a042,0x28a147,0x28a252	
4	0x28a860	0x28ae10		0x28a986,0x28aacf,0x28abd4,0x28acdf	
4	0x28b280	0x28b833		0x28b3a6,0x28b4ef,0x28b5f4,0x28b6ff	
4	0x28bcb0	0x28c263		0x28bdd6,0x28bf1f,0x28c024,0x28c12f	
4	0x28c6e0	0x28cc93		0x28c806,0x28c94f,0x28ca54,0x28cb5f	
4	0x28d100	0x28d6b0		0x28d226,0x28d36f,0x28d474,0x28d57f	
4	0x28db20	0x28e0d3		0x28dc46,0x28dd8f,0x28de94,0x28df9f	
4	0x28e570	0x28eb23		0x28e696,0x28e7df,0x28e8e4,0x28e9ef	
4	0x28ef90	0x28f540		0x28f0b6,0x28f1ff,0x28f304,0x28f40f	
4	0x28f9b0	0x28ff63		0x28fad6,0x28fc1f,0x28fd24,0x28fe2f	
4	0x2903f0	0x2909a3		0x290516,0x29065f,0x290764,0x29086f	
4	0x290e20	0x2913d3		0x290f46,0x29108f,0x291194,0x29129f	
4	0x291850	0x291e03		0x291976,0x291abf,0x291bc4,0x291ccf	
4	0x292280	0x292833		0x2923a6,0x2924ef,0x2925f4,0x2926ff	
4	0x292cb0	0x293263		0x292dd6,0x292f1f,0x293024,0x29312f	
4	0x2936d0	0x293c7b		0x2937f3,0x293933,0x293a38,0x293b45	
4	0x2940f0	0x29469b		0x294213,0x294353,0x294458,0x294565	
4	0x294b90	0x295138		0x294cb3,0x294df3,0x294ef8,0x295005	
4	0x2955b0	0x295b63		0x2956d6,0x29581f,0x295924,0x295a2f	
4	0x295fe0	0x29658b		0x296103,0x296243,0x296348,0x296455	
4	0x296a00	0x296fab		0x296b23,0x296c63,0x296d68,0x296e75	
4	0x297420	0x2979cb		0x297543,0x297683,0x297788,0x297895	
4	0x297e40	0x2983eb		0x297f63,0x2980a3,0x2981a8,0x2982b5	
4	0x298860	0x298e0b		0x298983,0x298ac3,0x298bc8,0x298cd5	
4	0x299280	0x29982b		0x2993a3,0x2994e3,0x2995e8,0x2996f5	
4	0x299d10	0x29a2bb		0x299e33,0x299f73,0x29a078,0x29a185	
4	0x29a730	0x29acdb		0x29a853,0x29a993,0x29aa98,0x29aba5	
4	0x29b160	0x29b713		0x29b286,0x29b3cf,0x29b4d4,0x29b5df	
4	0x29bb90	0x29c13b		0x29bcb3,0x29bdf3,0x29bef8,0x29c005	
4	0x29c5b0	0x29cb5b		0x29c6d3,0x29c813,0x29c918,0x29ca25	
4	0x29cfd0	0x29d583		0x29d0f6,0x29d23f,0x29d344,0x29d44f	
4	0x29da00	0x29dfb3		0x29db26,0x29dc6f,0x29dd74,0x29de7f	
4	0x29e430	0x29e9e3		0x29e556,0x29e69f,0x29e7a4,0x29e8af	
4	0x29ee60	0x29f413		0x29ef86,0x29f0cf,0x29f1d4,0x29f2df	
4	0x29f8d0	0x29fe80		0x29f9f6,0x29fb3f,0x29fc44,0x29fd4f	
4	0x2a02f0	0x2a089b		0x2a0413,0x2a0553,0x2a0658,0x2a0765	
4	0x2a0e30	0x2a13e0		0x2a0f56,0x2a109f,0x2a11a4,0x2a12af	
4	0x2a1950	0x2a1f00		0x2a1a76,0x2a1bbf,0x2a1cc4,0x2a1dcf	
4	0x2a2370	0x2a2923		0x2a2496,0x2a25df,0x2a26e4,0x2a27ef	
4	0x2a2db0	0x2a3363		0x2a2ed6,0x2a301f,0x2a3124,0x2a322f	
4	0x2a37f0	0x2a3da3		0x2a3916,0x2a3a5f,0x2a3b64,0x2a3c6f	
4	0x30be50	0x30c3fb		0x30bf73,0x30c0b3,0x30c1b8,0x30c2c5	
4	0x30c8b0	0x30ce63		0x30c9d6,0x30cb1f,0x30cc24,0x30cd2f	
4	0x30d420	0x30d9cb		0x30d543,0x30d683,0x30d788,0x30d895	
4	0x30df90	0x30e546		0x30e0b6,0x30e202,0x30e307,0x30e412	
4	0x4eaa30	0x4eb524	pdxpreallocatedarray.h	0x4eb022,0x4eb18d,0x4eb3ba,0x4eb44c	0x24b80a8:Wrapping array growing, GetSize(): %d GetCapacity(): %d
4	0x95c8c0	0x95d272		0x95c9fc,0x95cccc,0x95cfdc,0x95d12b	
4	0xdef440	0xdf06a8		0xdefe26,0xdeff75,0xdf01dd,0xdf0276	
4	0xe90500	0xe90aab		0xe90623,0xe90763,0xe90868,0xe90975	
4	0xe93cb0	0xe94258		0xe93dd3,0xe93f13,0xe94018,0xe94125	
4	0xe98720	0xe98b0b		0xe987ae,0xe9885b,0xe988f5,0xe9896a	
4	0xf061c0	0xf0659e		0xf06370,0xf0642e,0xf0648a,0xf06505	
4	0x1ba93e0	0x1baa0f2	session.cpp	0x1ba950b,0x1ba95ef,0x1ba96d8,0x1ba9b93	0x26ce548:Command is NOT executed due to ongoing hotjoin:  | 0x26ce548:Command is NOT executed due to ongoing hotjoin:  | 0x26ce4d8:Executing command! ID:  | 0x26ce4e8:d! ID:  | 0x26ce580:, Type:  | 0x26ce4f0:Discarding invalid command! ID:  | 0x26ce500:id command! ID:  | 0x26ce580:, Type: 
3	0x278c10	0x278fab		0x278c99,0x278d70,0x278dfa	
3	0x32db40	0x32e2cd		0x32df78,0x32e0f4,0x32e1c2	
3	0x4ffae0	0x500e37		0x4ffd01,0x50004f,0x5003e8	0x24f6d08:HAS_SHIP | 0x24ed730:RED_COLOR | 0x24f6d08:HAS_SHIP | 0x24c5080:GREEN_COLOR | 0x24f6cf8:REQUIRES_SHIP | 0x24f6cb8:SHIP | 0x24f6ce8:HAS_SHIP_SIZE | 0x24ed730:RED_COLOR | 0x24f6ce8:HAS_SHIP_SIZE | 0x24c5080:GREEN_COLOR | 0x24f6cd8:COLONY_CARRIER | 0x24f6ce8:HAS_SHIP_SIZE
3	0x546ef0	0x547773		0x54749b,0x547580,0x547713	
3	0x6965c0	0x696ddc		0x696a20,0x696ad3,0x696bc0	
3	0x7027c0	0x702e79		0x702bf4,0x702cfa,0x702db5	
3	0x709970	0x709ea2		0x709c34,0x709d2e,0x709de7	
3	0x716d90	0x7172a2		0x717034,0x71712e,0x7171e7	
3	0x9ee770	0x9ef00b		0x9eeaf5,0x9eeb75,0x9eee49	
3	0xf02d20	0xf03084		0xf02ed0,0xf02f8e,0xf02fea	
3	0xf04750	0xf04ab4		0xf04900,0xf049be,0xf04a1a	
3	0x1c329a0	0x1c32d41		0x1c32a4e,0x1c32afc,0x1c32c23	
3	0x1c39b20	0x1c3a5c0	server.cpp	0x1c39c6d,0x1c3a1ed,0x1c3a30d	0x26e4f98:%s%lld.%0.5d | 0x26e4fb0:%llu | 0x26d4700:Sending targeted asynchronous command:  | 0x26d46d0:FAILED Sending targeted asynchronous command: 
3	0x1c3ced0	0x1c3dd74	server.cpp	0x1c3cfb1,0x1c3d569,0x1c3d6a6	0x26e4f98:%s%lld.%0.5d | 0x26e4fb0:%llu | 0x26e4f98:%s%lld.%0.5d | 0x26e4fb0:%llu
3	0x1c3f190	0x1c3faca	server.cpp	0x1c3f2c2,0x1c3f842,0x1c3f923	0x26e4f98:%s%lld.%0.5d | 0x26e4fb0:%llu | 0x26d4700:Sending targeted asynchronous command:  | 0x26d4ad0:Failed to post order!
2	0x167240	0x167ac9		0x167874,0x167996	
2	0x2bf410	0x2bfb4b		0x2bf7f5,0x2bf94a	
2	0x334200	0x334693		0x3342d7,0x3344c8	
2	0x4e5350	0x4e5bb6	virtualfilesystem.cpp	0x4e55a0,0x4e5a17	0x24f5ee8:user_ship_designs.txt | 0x24f5ef8:s.txt | 0x26e4f98:%s%lld.%0.5d | 0x26e4fb0:%llu | 0x26db540:Could not open file: 
2	0x54b110	0x54b55a		0x54b42f,0x54b4c4	
2	0x5728f4	0x572ad6	archaeological_site_type.cpp	0x5729ad,0x5729d5	0x24fbca0:%s archaeological site stage #%i: Invalid event '%s'
2	0x5739b0	0x573c35	first_contact_database.cpp	0x573b64,0x573b8c	0x24fbec0:first contact event summary | 0x24fbed0:ent summary | 0x24fbe88:%s first contact possible stage #%i: Invalid event '%s'
2	0x58b530	0x58c15a	espionage_operation_type.cpp	0x58b65d,0x58b685	0x24fd1f0:%s espionage operation stage #%i: Invalid event '%s' | 0x24ef328:_speed_mult | 0x24ef390:mod_espionage_operation_speed_mult | 0x24ef3a0:eration_speed_mult | 0x24ef380:_difficulty_add | 0x24fcf78:mod_espionage_operation_difficulty_add | 0x24fcf88:eration_difficulty_add | 0x24fcf98:ty_add | 0x24ef368:_difficulty_mult | 0x24fcf50:mod_espionage_operation_difficulty_mult | 0x24fcf60:eration_difficulty_mult | 0x24fcf70:ty_mult
2	0x599a70	0x599ca4		0x599b2a,0x599bd6	
2	0x651fd0	0x652783		0x652530,0x65265e	
2	0x67d6b0	0x67dfc7		0x67dbec,0x67ddab	
2	0x67dfd0	0x67e802		0x67e439,0x67e5e6	
2	0x6c04b0	0x6c071f		0x6c059e,0x6c0649	
2	0x72b080	0x72b461	country.cpp	0x72b1a3,0x72b1e4	
2	0x7ab160	0x7ab89b		0x7ab545,0x7ab69a	
2	0x7d41f0	0x7d449a		0x7d42bc,0x7d43dc	
2	0x881f70	0x8821fd		0x88206f,0x88211a	
2	0x88f7c5	0x88f9b8	anomaly_type.cpp	0x88f88c,0x88f8b4	0x25173a8:%s anomaly: Invalid event '%s'
2	0x9b3620	0x9b410d		0x9b3ce3,0x9b3ec9	
2	0x9f1880	0x9f1c63		0x9f1942,0x9f1a85	
2	0xa5de60	0xa5e5f3		0xa5e3e7,0xa5e474	
2	0xa735e0	0xa738e3		0xa736da,0xa737ea	0x252f208:space_critter_rarity_ | 0x252f218:rity_ | 0x252f208:space_critter_rarity_ | 0x252f218:rity_
2	0xab58a0	0xab5c45		0xab59ab,0xab5a99	
2	0xb37300	0xb37845		0xb3748c,0xb375d9	
2	0xdc6e09	0xdc6e95	astral_rift_database.cpp	0xdc6e26,0xdc6e4e	
2	0xdc739e	0xdc7657	astral_rift_database.cpp,situation_log_category.cpp	0xdc7481,0xdc74a9	0x254e778:%s astral rift possible stage #%i: Invalid event '%s'
2	0xe5f0d0	0xe5f2e9	deposit_holder.cpp	0xe5f147,0xe5f1db	
2	0xecb9e0	0xecc115		0xecbf0a,0xecbf94	
2	0xecc120	0xecc8e5		0xecc792,0xecc846	
2	0x13d66c0	0x13d6995		0x13d6713,0x13d67f7	0x24d0448:_desc
2	0x1484d69	0x1484e6b		0x1484dd0,0x1484e0f	
2	0x1760840	0x1760ba2		0x1760901,0x1760a30	
2	0x184e350	0x184e5ca	effect_impl.cpp	0x184e405,0x184e506	0x26276a8:Failed to find trait " | 0x2627834:" for  | 0x2627828: effect. | 0x2627840:Invalid or no duration for  | 0x2627828: effect.
2	0x18ddff0	0x18de999	effect_impl_timeline.cpp	0x18de332,0x18de37a	0x2640ed0:Country scope not valid at: %s | 0x2640ea0:SavedEventTarget does not exist: %s at %s | 0x253bc60:timeline_event_year | 0x253bc50:timeline_event | 0x253bc38:timeline_event_key
2	0x196d9b0	0x196e1ed		0x196dbd5,0x196debe	0x266a758:%s_trigger | 0x266a758:%s_trigger
2	0x1970330	0x1970b5c		0x1970552,0x1970839	0x266a758:%s_trigger | 0x266a758:%s_trigger
2	0x1972c20	0x197345c		0x1972e52,0x1973139	0x266a758:%s_trigger | 0x266a758:%s_trigger
2	0x1975470	0x1975c9c		0x1975692,0x1975979	0x266a758:%s_trigger | 0x266a758:%s_trigger
2	0x1977da0	0x19785dc		0x1977fd2,0x19782b9	0x266a758:%s_trigger | 0x266a758:%s_trigger
2	0x197a6d0	0x197aefc		0x197a8f2,0x197abd9	0x266a758:%s_trigger | 0x266a758:%s_trigger
2	0x197cf10	0x197d74a		0x197d137,0x197d41d	0x266a758:%s_trigger | 0x266a758:%s_trigger
2	0x197f710	0x197ff4a		0x197f937,0x197fc1d	0x266a758:%s_trigger | 0x266a758:%s_trigger
2	0x1981f30	0x198275c		0x1982150,0x1982439	0x266a758:%s_trigger | 0x266a758:%s_trigger
2	0x1984890	0x19850bc		0x1984ab2,0x1984d99	0x266a758:%s_trigger | 0x266a758:%s_trigger
2	0x1987150	0x198795a		0x1987347,0x198762d	0x266a758:%s_trigger | 0x266a758:%s_trigger
2	0x19898c0	0x198a10d		0x1989b04,0x1989dea	0x266a758:%s_trigger | 0x266a758:%s_trigger
2	0x198c2c0	0x198cafc		0x198c4f2,0x198c7d9	0x266a758:%s_trigger | 0x266a758:%s_trigger
2	0x198ebd0	0x198f3da		0x198edc5,0x198f0ab	0x266a758:%s_trigger | 0x266a758:%s_trigger
2	0x19912b0	0x1991aba		0x19914a7,0x199178d	0x266a758:%s_trigger | 0x266a758:%s_trigger
2	0x19939a0	0x19941aa		0x1993b97,0x1993e7d	0x266a758:%s_trigger | 0x266a758:%s_trigger
2	0x1996090	0x199689a		0x1996287,0x199656d	0x266a758:%s_trigger | 0x266a758:%s_trigger
2	0x19987d0	0x1998fea		0x19989d7,0x1998cbd	0x266a758:%s_trigger | 0x266a758:%s_trigger
2	0x199b050	0x199b87c		0x199b272,0x199b559	0x266a758:%s_trigger | 0x266a758:%s_trigger
2	0x199d830	0x199e03a		0x199da25,0x199dd0b	0x266a758:%s_trigger | 0x266a758:%s_trigger
2	0x19a0050	0x19a085a		0x19a0247,0x19a052d	0x266a758:%s_trigger | 0x266a758:%s_trigger
2	0x19a2750	0x19a2f5a		0x19a2947,0x19a2c2d	0x266a758:%s_trigger | 0x266a758:%s_trigger
2	0x19a4e50	0x19a564a		0x19a5037,0x19a531d	0x266a758:%s_trigger | 0x266a758:%s_trigger
2	0x19a7520	0x19a7d2a		0x19a7717,0x19a79fd	0x266a758:%s_trigger | 0x266a758:%s_trigger
2	0x19a9c60	0x19aa4aa		0x19a9e97,0x19aa17d	0x266a758:%s_trigger | 0x266a758:%s_trigger
2	0x19ac450	0x19acc5a		0x19ac645,0x19ac92b	0x266a758:%s_trigger | 0x266a758:%s_trigger
2	0x19aeb80	0x19af3bc		0x19aedb2,0x19af099	0x266a758:%s_trigger | 0x266a758:%s_trigger
2	0x19b13b0	0x19b1bba		0x19b15a7,0x19b188d	0x266a758:%s_trigger | 0x266a758:%s_trigger
2	0x19b3bd0	0x19b43da		0x19b3dc7,0x19b40ad	0x266a758:%s_trigger | 0x266a758:%s_trigger
2	0x19b6300	0x19b6b0a		0x19b64f7,0x19b67dd	0x266a758:%s_trigger | 0x266a758:%s_trigger
2	0x19b8a90	0x19b92dc		0x19b8cd2,0x19b8fb9	0x266a758:%s_trigger | 0x266a758:%s_trigger
2	0x19bb430	0x19bbc4a		0x19bb637,0x19bb91d	0x266a758:%s_trigger | 0x266a758:%s_trigger
2	0x19bdd20	0x19be54a		0x19bdf37,0x19be21d	0x266a758:%s_trigger | 0x266a758:%s_trigger
2	0x19c0690	0x19c0eca		0x19c08b7,0x19c0b9d	0x266a758:%s_trigger | 0x266a758:%s_trigger
2	0x19c2f30	0x19c373a		0x19c3127,0x19c340d	0x266a758:%s_trigger | 0x266a758:%s_trigger
2	0x19c57d0	0x19c5ffc		0x19c59f2,0x19c5cd9	0x266a758:%s_trigger | 0x266a758:%s_trigger
2	0x19c8100	0x19c893c		0x19c8332,0x19c8619	0x266a758:%s_trigger | 0x266a758:%s_trigger
2	0x19caa10	0x19cb20a		0x19cabf7,0x19caedd	0x266a758:%s_trigger | 0x266a758:%s_trigger
2	0x19cd140	0x19cd96c		0x19cd362,0x19cd649	0x266a758:%s_trigger | 0x266a758:%s_trigger
2	0x19cfa20	0x19d025c		0x19cfc52,0x19cff39	0x266a758:%s_trigger | 0x266a758:%s_trigger
2	0x19d2250	0x19d2a8c		0x19d2482,0x19d2769	0x266a758:%s_trigger | 0x266a758:%s_trigger
2	0x19d4a80	0x19d52bc		0x19d4cb2,0x19d4f99	0x266a758:%s_trigger | 0x266a758:%s_trigger
2	0x19d72b0	0x19d7aec		0x19d74e2,0x19d77c9	0x266a758:%s_trigger | 0x266a758:%s_trigger
2	0x19d9aa0	0x19da29a		0x19d9c87,0x19d9f6d	0x266a758:%s_trigger | 0x266a758:%s_trigger
2	0x19dc190	0x19dc9aa		0x19dc397,0x19dc67d	0x266a758:%s_trigger | 0x266a758:%s_trigger
2	0x19de950	0x19df18c		0x19deb82,0x19dee69	0x266a758:%s_trigger | 0x266a758:%s_trigger
2	0x19e11a0	0x19e19dc		0x19e13d2,0x19e16b9	0x266a758:%s_trigger | 0x266a758:%s_trigger
2	0x19e39f0	0x19e41fa		0x19e3be7,0x19e3ecd	0x266a758:%s_trigger | 0x266a758:%s_trigger
2	0x19e6230	0x19e6a5a		0x19e6447,0x19e672d	0x266a758:%s_trigger | 0x266a758:%s_trigger
2	0x19e89f0	0x19e91fa		0x19e8be7,0x19e8ecd	0x266a758:%s_trigger | 0x266a758:%s_trigger
2	0x19eb150	0x19eb97c		0x19eb372,0x19eb659	0x266a758:%s_trigger | 0x266a758:%s_trigger
2	0x19eda40	0x19ee27c		0x19edc72,0x19edf59	0x266a758:%s_trigger | 0x266a758:%s_trigger
2	0x19f0260	0x19f0a9c		0x19f0492,0x19f0779	0x266a758:%s_trigger | 0x266a758:%s_trigger
2	0x19f2a80	0x19f32bc		0x19f2cb2,0x19f2f99	0x266a758:%s_trigger | 0x266a758:%s_trigger
2	0x19f5260	0x19f5a6a		0x19f5457,0x19f573d	0x266a758:%s_trigger | 0x266a758:%s_trigger
2	0x19f79d0	0x19f820d		0x19f7c04,0x19f7eea	0x266a758:%s_trigger | 0x266a758:%s_trigger
2	0x19fa340	0x19fab5a		0x19fa547,0x19fa82d	0x266a758:%s_trigger | 0x266a758:%s_trigger
2	0x19fca60	0x19fd27a		0x19fcc67,0x19fcf4d	0x266a758:%s_trigger | 0x266a758:%s_trigger
2	0x19ff1f0	0x19ffa2c		0x19ff422,0x19ff709	0x266a758:%s_trigger | 0x266a758:%s_trigger
2	0x1a01b70	0x1a023bd		0x1a01db4,0x1a0209a	0x266a758:%s_trigger | 0x266a758:%s_trigger
2	0x1a04510	0x1a04d5d		0x1a04754,0x1a04a3a	0x266a758:%s_trigger | 0x266a758:%s_trigger
2	0x1a06d50	0x1a0754a		0x1a06f37,0x1a0721d	0x266a758:%s_trigger | 0x266a758:%s_trigger
2	0x1a09440	0x1a09c7a		0x1a09667,0x1a0994d	0x266a758:%s_trigger | 0x266a758:%s_trigger
2	0x1a0be20	0x1a0c66d		0x1a0c064,0x1a0c34a	0x266a758:%s_trigger | 0x266a758:%s_trigger
2	0x1a0e690	0x1a0eecc		0x1a0e8c2,0x1a0eba9	0x266a758:%s_trigger | 0x266a758:%s_trigger
2	0x1a10eb0	0x1a116dc		0x1a110d2,0x1a113b9	0x266a758:%s_trigger | 0x266a758:%s_trigger
2	0x1a13680	0x1a13e7a		0x1a13867,0x1a13b4d	0x266a758:%s_trigger | 0x266a758:%s_trigger
2	0x1a15e60	0x1a1665a		0x1a16047,0x1a1632d	0x266a758:%s_trigger | 0x266a758:%s_trigger
2	0x1a18580	0x1a18daa		0x1a18797,0x1a18a7d	0x266a758:%s_trigger | 0x266a758:%s_trigger
2	0x1a1b7d0	0x1a1bfda		0x1a1b9c7,0x1a1bcad	0x266a758:%s_trigger | 0x266a758:%s_trigger
2	0x1a1d050	0x1a1d17f		0x1a1d085,0x1a1d0fe	0x266a748:%s_all_trigger | 0x266a758:%s_trigger
2	0x1a1d430	0x1a1dc3a		0x1a1d627,0x1a1d90d	0x266a758:%s_trigger | 0x266a758:%s_trigger
2	0x1a1fb50	0x1a2038c		0x1a1fd82,0x1a20069	0x266a758:%s_trigger | 0x266a758:%s_trigger
2	0x1a22350	0x1a22b6a		0x1a22557,0x1a2283d	0x266a758:%s_trigger | 0x266a758:%s_trigger
2	0x1a23f20	0x1a2472a		0x1a24115,0x1a243fb	0x266a758:%s_trigger | 0x266a758:%s_trigger
2	0x1a26720	0x1a26f2a		0x1a26917,0x1a26bfd	0x266a758:%s_trigger | 0x266a758:%s_trigger
2	0x1a28e50	0x1a2964a		0x1a29037,0x1a2931d	0x266a758:%s_trigger | 0x266a758:%s_trigger
2	0x1a2b630	0x1a2be2a		0x1a2b817,0x1a2bafd	0x266a758:%s_trigger | 0x266a758:%s_trigger
2	0x1a2dcf0	0x1a2e4ea		0x1a2ded7,0x1a2e1bd	0x266a758:%s_trigger | 0x266a758:%s_trigger
2	0x1a303d0	0x1a30bea		0x1a305d5,0x1a308bb	0x266a758:%s_trigger | 0x266a758:%s_trigger
2	0x1a32be0	0x1a3340c		0x1a32e02,0x1a330e9	0x266a758:%s_trigger | 0x266a758:%s_trigger
2	0x1a354e0	0x1a35cda		0x1a356c7,0x1a359ad	0x266a758:%s_trigger | 0x266a758:%s_trigger
2	0x1a37bf0	0x1a3840a		0x1a37df5,0x1a380db	0x266a758:%s_trigger | 0x266a758:%s_trigger
2	0x1a3a440	0x1a3ac4a		0x1a3a635,0x1a3a91b	0x266a758:%s_trigger | 0x266a758:%s_trigger
2	0x1a3cb20	0x1a3d31a		0x1a3cd07,0x1a3cfed	0x266a758:%s_trigger | 0x266a758:%s_trigger
2	0x1a3f1f0	0x1a3f9fa		0x1a3f3e7,0x1a3f6cd	0x266a758:%s_trigger | 0x266a758:%s_trigger
2	0x1a41960	0x1a421bc		0x1a41bac,0x1a41e99	0x266a758:%s_trigger | 0x266a758:%s_trigger
2	0x1a44360	0x1a44bba		0x1a4459f,0x1a44889	0x266a758:%s_trigger | 0x266a758:%s_trigger
2	0x1a46bb0	0x1a4740a		0x1a46def,0x1a470d9	0x266a758:%s_trigger | 0x266a758:%s_trigger
2	0x1a49410	0x1a49c1a		0x1a49607,0x1a498ed	0x266a758:%s_trigger | 0x266a758:%s_trigger
2	0x1a4bc20	0x1a4c41a		0x1a4be07,0x1a4c0ed	0x266a758:%s_trigger | 0x266a758:%s_trigger
2	0x1a4e2e0	0x1a4eaea		0x1a4e4d7,0x1a4e7bd	0x266a758:%s_trigger | 0x266a758:%s_trigger
2	0x1a509d0	0x1a511ca		0x1a50bb7,0x1a50e9d	0x266a758:%s_trigger | 0x266a758:%s_trigger
2	0x1a53090	0x1a5389a		0x1a53285,0x1a5356b	0x266a758:%s_trigger | 0x266a758:%s_trigger
2	0x1a557a0	0x1a55fcc		0x1a559c2,0x1a55ca9	0x266a758:%s_trigger | 0x266a758:%s_trigger
2	0x1a57f50	0x1a5876a		0x1a58157,0x1a5843d	0x266a758:%s_trigger | 0x266a758:%s_trigger
2	0x1a5a6c0	0x1a5aeca		0x1a5a8b7,0x1a5ab9d	0x266a758:%s_trigger | 0x266a758:%s_trigger
2	0x1a5cde0	0x1a5d61c		0x1a5d012,0x1a5d2f9	0x266a758:%s_trigger | 0x266a758:%s_trigger
2	0x1a5f5e0	0x1a5fdea		0x1a5f7d7,0x1a5fabd	0x266a758:%s_trigger | 0x266a758:%s_trigger
2	0x1a61d20	0x1a6255c		0x1a61f52,0x1a62239	0x266a758:%s_trigger | 0x266a758:%s_trigger
2	0x1a64530	0x1a64d6c		0x1a64762,0x1a64a49	0x266a758:%s_trigger | 0x266a758:%s_trigger
2	0x1a66d80	0x1a675bc		0x1a66fb2,0x1a67299	0x266a758:%s_trigger | 0x266a758:%s_trigger
2	0x1ab2f30	0x1ab35a4	trigger_impl.cpp	0x1ab3033,0x1ab327e	0x26a3120:Not a valid compare token ' | 0x2530020:' from  | 0x24c6ee0: line :  | 0x26a3120:Not a valid compare token ' | 0x2530020:' from  | 0x24c6ee0: line : 
2	0x1ba0d70	0x1ba203e	virtualfilesystem.cpp	0x1ba1092,0x1ba169c	0x26ce098:pdx_settings.txt | 0x26e4f98:%s%lld.%0.5d | 0x26e4fb0:%llu | 0x26e4f98:%s%lld.%0.5d | 0x26e4fb0:%llu | 0x26db540:Could not open file: 
2	0x1c42150	0x1c42cfc	server.cpp	0x1c423cc,0x1c42966	0x26d4858:Sending  | 0x26d4868: commands on tick  | 0x26e4f98:%s%lld.%0.5d | 0x26e4fb0:%llu | 0x26d4880:Error while sending orders.
2	0x1c42fe0	0x1c43884		0x1c430e5,0x1c43655	0x26e4f98:%s%lld.%0.5d | 0x26e4fb0:%llu
2	0x1c55050	0x1c5549c		0x1c55320,0x1c553ca	0x26d5748:life_abs | 0x247daa0:life | 0x247a4a8:system | 0x26d5758:spawn
1	0x1625d0	0x162ea4		0x162dcf	
1	0x1632d0	0x164594		0x1638f6	0x247a838:game_settings | 0x247a848:graphic_settings | 0x247a870:fullscreen | 0x247a880:borderless_window | 0x247a860:windowed | 0x247a898:display_mode | 0x247a8b0:resolution | 0x247a8c0:refresh_rate | 0x247a8d0:multisample_level | 0x247a8f0:high | 0x247a8e8:medium | 0x247a8f8:graphics_quality
1	0x166820	0x166feb		0x166ea6	
1	0x16fdc0	0x16feda		0x16fdfc	
1	0x1701c0	0x1701fc		0x1701e0	
1	0x26dfd0	0x26e2a9		0x26e0bc	0x24c069c:_name | 0x24c1244:PLANET
1	0x310c30	0x310ee7		0x310d86	
1	0x32fff9	0x3300a8		0x33004f	
1	0x3392d0	0x33930c		0x3392f0	
1	0x339a90	0x339b28		0x339ac0	
1	0x339e30	0x339f00		0x339eba	
1	0x339f00	0x339ff0		0x339f76	
1	0x339ff0	0x33a18d		0x33a0e6	0x24c64a8:DEFAULT_GENDER
1	0x33a190	0x33a333		0x33a30c	0x24c64a8:DEFAULT_GENDER | 0x24c64a8:DEFAULT_GENDER | 0x24c64b0:GENDER | 0x24c64a8:DEFAULT_GENDER | 0x24c64b0:GENDER
1	0x33a3b0	0x33a470		0x33a3df	0x24c64b8:border_access_ | 0x24c64c0:ccess_
1	0x33b06e	0x33b0d1		0x33b0a8	
1	0x33b330	0x33b570		0x33b3f7	0x24c6520:MATHS_ | 0x24c6520:MATHS_ | 0x24c6520:MATHS_
1	0x346140	0x346436	meantimetohappen.cpp	0x346215	
1	0x348450	0x348805		0x3484f0	0x24e90f0:Supported Scopes: | 0x24e90e8: all
1	0x348b60	0x348d4e		0x348baa	
1	0x3497d0	0x349a4d	trigger.cpp	0x3499bd	0x24e90f0:Supported Scopes: | 0x24e90e8: all
1	0x34bb41	0x34bb9e		0x34bb73	
1	0x352500	0x35267c	variable_values.cpp	0x3525b3	
1	0x352e30	0x352fbc	variable_values.cpp	0x352eda	
1	0x353bd0	0x353e04		0x353c50	
1	0x3549d0	0x354c15		0x354a51	
1	0x35cb10	0x35d372		0x35cf52	0x24c7fe0:Output Scope:  | 0x24c7ff0:various
1	0x35e9f0	0x35eb33	eventtarget.cpp	0x35eabf	0x24c9be0:Invalid scope for event target '%s' at %s. Got %s
1	0x3718f0	0x371d27	modifier.cpp	0x371a19	0x24cf2f0:Printing Modifier Definitions: | 0x24cf310:, Category: 
1	0x3797c0	0x37b056		0x379859	0x24d0028:%s_build_cost_mult | 0x24d0040:mod_ship_build_cost_mult | 0x24d0050:ost_mult | 0x24cffb0:%s_build_speed_mult | 0x24cf178:mod_ | 0x24cffc8:mod_ship_build_speed_mult | 0x24cffe8:%s_hull_mult | 0x24cf178:mod_ | 0x24cfff8:mod_ship_hull_mult | 0x24d00d0:%s_armor_mult | 0x24cf178:mod_ | 0x24d00e0:mod_ship_armor_mult
1	0x3af130	0x3af499		0x3af1c2	0x24e90f0:Supported Scopes: | 0x24e90e8: all
1	0x3b0f80	0x3b1155		0x3b0fc4	
1	0x3b27e0	0x3b2a5d	effect.cpp	0x3b29cd	0x24e90f0:Supported Scopes: | 0x24e90e8: all
1	0x3c44d0	0x3c45ef		0x3c4569	
1	0x3e2470	0x3e25a3		0x3e24fb	
1	0x400920	0x401978	eventmanager.cpp,eventpicture.cpp	0x40186a	0x24ee4c8:>=== NAMESPACE > ' | 0x24ee410:' is set to # | 0x24ee4b0:Event at %s has no ID. | 0x24ee480:an event with id [%s] already exists! %s | 0x24ee460:Event  | 0x24ee468: is missing a title in  | 0x24ee460:Event  | 0x24ee448: is missing a desc in  | 0x24ee460:Event  | 0x24ee430: has no pictures in  | 0x24ee460:Event  | 0x24ee648: has no options in 
1	0x435c70	0x435e6f		0x435cd5	
1	0x43b340	0x43bf84		0x43b8e1	0x24c44ec:NAME | 0x24f0648:TECH_UNLOCK_ZONE | 0x252f9e8:TECH_UNLOCK_ORBITAL_BUILDING_CONCEPT | 0x252f9a0:TECH_UNLOCK_ARKSHIP_BUILDING_CONCEPT | 0x252f958:TECH_UNLOCK_WAYSTATION_BUILDING_CONCEPT | 0x252f910:TECH_UNLOCK_STARBASE_BUILDING_CONCEPT | 0x24c44ec:NAME | 0x24c44ec:NAME | 0x252f8c8:TECH_UNLOCK_ORBITAL_MODULE_CONCEPT | 0x252f880:TECH_UNLOCK_ARKSHIP_MODULE_CONCEPT | 0x252fa78:TECH_UNLOCK_WAYSTATION_MODULE_CONCEPT | 0x252fa30:TECH_UNLOCK_STARBASE_MODULE_CONCEPT
1	0x44ef00	0x44f4f4		0x44f337	
1	0x468b20	0x468c50		0x468bab	
1	0x47a3f0	0x47a504		0x47a47b	
1	0x4928c0	0x492d8d	zone_type.cpp	0x49295c	
1	0x49ef80	0x49f4c0	district_type_zone_slot.cpp	0x49f01c	
1	0x525d20	0x525de8		0x525d58	0x24c069c:_name
1	0x525ee0	0x526603	policy.cpp	0x526405	0x24ef9e0:Unknown purge type at %s | 0x24c069c:_name | 0x24f8210:Missing Policy Localization Key: 
1	0x5301cd	0x53021e		0x5301fa	
1	0x5340d0	0x5342b5		0x534136	0x24f8f58:player_locations_ | 0x24f8f58:player_locations_
1	0x5345e0	0x535064		0x534fca	
1	0x5433c0	0x543807		0x54347f	
1	0x54a700	0x54aeb5		0x54a877	0x26e4f98:%s%lld.%0.5d | 0x26e4fb0:%llu
1	0x5b1fe0	0x5b2138		0x5b207f	0x24feac8:_MUTATION_DISABLE_TOOLTIP
1	0x5e4020	0x5e4319	game_rules.cpp	0x5e41f3	0x2478404:.txt | 0x2479098:common/game_rules | 0x25026d8:common/game_rules/
1	0x5e4620	0x5e49a3		0x5e46be	0x25027c8:.Evaluate | 0x25027b8:CGameRules:: | 0x25027c0:es::
1	0x5e49b0	0x5e4cfa		0x5e4a4f	0x25027c8:.Evaluate | 0x25027b8:CGameRules:: | 0x25027c0:es::
1	0x5e4d00	0x5e5114		0x5e4d9f	0x25027c8:.Evaluate | 0x25027b8:CGameRules:: | 0x25027c0:es::
1	0x6207b0	0x6208ec		0x62085b	
1	0x620d00	0x620e3d		0x620daa	
1	0x620ee0	0x620ffd		0x620f6a	
1	0x645280	0x64539d		0x64530a	
1	0x64ac90	0x64aef2		0x64ad09	
1	0x69e100	0x69e70c		0x69e693	
1	0x6b3c10	0x6b3ee0		0x6b3e5a	
1	0x6d5f20	0x6d60a8	pop_faction.cpp	0x6d5ffd	
1	0x6e71e0	0x6e7414		0x6e72ac	
1	0x6fa7e0	0x6fa95e		0x6fa8be	
1	0x70a980	0x70aa3f		0x70a9f6	
1	0x7d45a0	0x7d4a39		0x7d46f8	0x25120f8:VIVARIUM_CRITTER_NOTIFICATION_ENTRY | 0x25120f0:RARITY | 0x24efc30:CATEGORY
1	0x7e0030	0x7e009b		0x7e0084	
1	0x839b50	0x83a5eb		0x83a488	
1	0x84b3a0	0x84c31b	missile.cpp	0x84bd73	0x2515798:CMissile::MicroUpdateSerial %d  | 0x25157f8:Chase: %s  | 0x2515808:TargetType: %s | 0x2515818:Missile %d self destroy
1	0x8929a0	0x892b0d		0x892a6d	
1	0x89d30a	0x89d356		0x89d32d	
1	0x8dffe0	0x8e09f4		0x8e0105	0x2519a58:LEADER_INVESTIGATING | 0x2519a28:LOCATION | 0x2519a50:ENVOY_ | 0x2519a28:LOCATION | 0x2519a88:ENVOY_PATRON_ATTUNEMENT | 0x2519a28:LOCATION | 0x2519a70:ENVOY_spy_network | 0x2519a28:LOCATION | 0x2519ef0:ENVOY_STATUS_UNAVAILABLE | 0x2519ed8:LEADER_RESEARCHING | 0x2519a28:LOCATION | 0x2519f28:LEADER_SURVEYING
1	0x94e8f0	0x94f0e5		0x94ebfc	0x251e400:ship_category_ | 0x251e408:egory_ | 0x251e410:_rarity | 0x251e3f0:UNLOCKED_DNA | 0x25120f0:RARITY | 0x24c44ec:NAME
1	0x963770	0x96399d	randomnamedatabase.cpp	0x96384e	0x251ec30:Failed to find part list '%s' in %s random names lists
1	0x9f75f0	0x9f78e6		0x9f783e	
1	0x9f7d20	0x9f88f9		0x9f8160	
1	0xa53d40	0xa53ee1		0xa53d84	0x252e5a0:scaled_mtth_calc_ | 0x247aa24:none | 0x2488330:pop_happiness | 0x2491f60:planets_in_country | 0x24ac798:planet_distance_empire | 0x24ac7b0:pop_amount
1	0xa56800	0xa56946	trigger_utils.cpp	0xa568b6	
1	0xa56950	0xa56ad7	trigger_utils.cpp	0xa56a40	
1	0xa73230	0xa734f7		0xa732fe	0x252f208:space_critter_rarity_
1	0xa770a0	0xa77154		0xa770d6	
1	0xa7f000	0xa7f2c3		0xa7f06d	
1	0xa9a680	0xa9a884	pop_faction_parameters.cpp	0xa9a768	0x25301b0:invalid filter [%s]. Valid filters are {%s}. %s
1	0xa9a890	0xa9aa1a	pop_faction_parameters.cpp	0xa9a946	
1	0xa9e96c	0xa9e9bd		0xa9e999	
1	0xafea70	0xafeb7c	gamecontrolcommands.cpp	0xafeade	0x2537628:Executing 
1	0xaff0b0	0xaff1de	gamecontrolcommands.cpp	0xaff11e	0x2537628:Executing 
1	0xb08b40	0xb08bc7		0xb08b83	
1	0xb1d086	0xb1d11c		0xb1d0da	
1	0xb28930	0xb2900e	onaction.cpp,planet_buildables.cpp	0xb28eec	0x2539590:on_building_complete | 0x25395a0:lete | 0x24eeb90:Could not find on action '%s' | 0x25395e0:built_planet_building | 0x24c5f40:save_game_id | 0x24c5fa8:game_year | 0x24a7f70:build_type | 0x25395f8:constructed | 0x251bc28:building_type | 0x25395a8:building_category | 0x2499df8:owner_type
1	0xb29880	0xb29f0f	onaction.cpp,planet_buildables.cpp	0xb29ded	0x2539348:on_building_repaired | 0x2539358:ired | 0x24eeb90:Could not find on action '%s' | 0x25395e0:built_planet_building | 0x24c5f40:save_game_id | 0x24c5fa8:game_year | 0x24a7f70:build_type | 0x2539360:repaired | 0x251bc28:building_type | 0x25395a8:building_category | 0x2499df8:owner_type
1	0xb2a420	0xb2abaa	onaction.cpp,planet_buildables.cpp	0xb2aa16	0x2539320:on_building_replaced | 0x2539330:aced | 0x24eeb90:Could not find on action '%s' | 0x25395e0:built_planet_building | 0x24c5f40:save_game_id | 0x24c5fa8:game_year | 0x24a7f70:build_type | 0x2539338:replaced | 0x251bc28:building_type | 0x25395a8:building_category | 0x2499df8:owner_type | 0x251bdc8:replaced_building_type
1	0xb2b2d0	0xb2ba2a	onaction.cpp,planet_buildables.cpp	0xb2b890	0x2539370:on_building_upgraded | 0x2539380:aded | 0x24eeb90:Could not find on action '%s' | 0x25395e0:built_planet_building | 0x24c5f40:save_game_id | 0x24c5fa8:game_year | 0x24a7f70:build_type | 0x2539388:upgraded | 0x251bc28:building_type | 0x25395a8:building_category | 0x2499df8:owner_type | 0x251bdc8:replaced_building_type
1	0xb2beb0	0xb2bf0e		0xb2bef7	
1	0xb30600	0xb30765	commands_construction.cpp	0xb30640	0x25397a8:CAddBuildableToQueueCommand id %u adding %s
1	0xb34360	0xb345c0		0xb344dd	
1	0xb5cde0	0xb5d0c5		0xb5cf07	
1	0xb5f290	0xb5f3b2		0xb5f31f	
1	0xb5f3c0	0xb5f4c4		0xb5f407	
1	0xbd3f50	0xbd404f		0xbd3fad	
1	0xbd4ab0	0xbd4d4d	ai_country.cpp	0xbd4c98	0x2541090:Error: Unknown AI Module "
1	0xbd5280	0xbd5712	ai_country.cpp,commands_country.cpp	0xbd5666	0x2540ff8:AI for Country %u, requesting Strategic Update | 0x250b3e8:Requesting a strategy update | 0x2540fc8:C %u Removing Diploaction %s targeting %u: %s
1	0xbe5996	0xbe5a40	ai_country.cpp	0xbe59ae	0x2541148:C %u Removing Diploaction %s targeting %u
1	0xcc7360	0xcc74c5		0xcc740f	
1	0xcecf70	0xced14e	fleet.cpp	0xcecfc2	0x2545548:add action
1	0xcfa630	0xcfa693		0xcfa67c	
1	0xd501f0	0xd504c1		0xd50337	0x2547a18:FLEETORDER_BUILD_ORBITALSTATION
1	0xd601c0	0xd60a5c		0xd6029f	0x24f4100:MISSING_FEATURE_FLAG | 0x24c4cc4:TECH | 0x24ed730:RED_COLOR | 0x25172b8:FLEETORDER_HAS_NO_SCIENTIST | 0x251a000:MIA_RED | 0x2547fd8:FLEETORDER_AUTO_EXPLORE_NO_PATHS
1	0xd77680	0xd785b4	fleet_orders.cpp,gamestate_global.h	0xd77b43	0x24b5e98:Illegal call to AccessCurrentGameState! | 0x25120f8:VIVARIUM_CRITTER_NOTIFICATION_ENTRY | 0x24efc30:CATEGORY | 0x25120f0:RARITY | 0x25485f0:MESSAGE_SPACE_CRITTER_CAPTURE_SUCCESS_DESC | 0x2548600:ITTER_CAPTURE_SUCCESS_DESC | 0x2548610:CCESS_DESC | 0x2548620:MESSAGE_SPACE_CRITTER_CAPTURE_SUCCESS | 0x2548648:CAPTURED_LIST | 0x2548658:MESSAGE_SPACE_CRITTER_CAPTURE_SUCCESS_NO_VIVARIUM_DESC | 0x2548620:MESSAGE_SPACE_CRITTER_CAPTURE_SUCCESS | 0x25120a8:CULLED_LIST
1	0xd8a0c0	0xd8a2d2	fleet_orders.cpp	0xd8a1db	0x2548f28:Failed to set planet class: "%s"
1	0xd964d0	0xd96d22		0xd9690f	0x254cbd0:RARITY_TYPE_SUFFIX | 0x25120f0:RARITY
1	0xd9d440	0xd9daee	ship_size.cpp	0xd9d951	0x254ce10:Invalid ship size for names  | 0x254ce00: in ship size  | 0x254cfe8:%s upgrade size %s not found in database. | 0x254d018:invalid component set "%s" in ship size %s | 0x24ffbe0:_selected
1	0xde0430	0xde059d		0xde050a	
1	0xe59590	0xe59796		0xe596ee	
1	0xe94b08	0xe94b59		0xe94b35	
1	0xe98390	0xe9867c	fleet_movement.cpp	0xe9858d	0x2552e78:Unknown token %S when reading an EPathJumpMethod
1	0xe9aed0	0xe9b57c	fleet_movement.cpp	0xe9b0b5	0x2552ec0:Unknown token %s  when reading a NMovement::EState
1	0xeb79d0	0xeb80bd	pdxpreallocatedarray.h	0xeb7da5	0x24b80a8:Wrapping array growing, GetSize(): %d GetCapacity(): %d
1	0xf01a30	0xf01bc5		0xf01b1c	
1	0xf38eb0	0xf39173		0xf38f1d	
1	0xf44200	0xf44728		0xf444e0	0x255a4c0:Fleet  | 0x255a4b0: cannot go MIA | 0x255a4c0:Fleet  | 0x255a770: goes MIA ( | 0x255a490:A fleet needs to be selected | 0x255a4a0: be selected | 0x255a4a8:cted
1	0xff0040	0xff0238		0xff0093	
1	0x109d8a0	0x109d9cc		0x109d95f	
1	0x10efc30	0x10f04ff		0x10efcaa	0x2575d40:_BUTTON | 0x2575d00:FLEETORDER_BUILD_CUSTOM_ | 0x2575d10:_CUSTOM_ | 0x2575d20:FLEETORDER_BUILD_CURRENT_ | 0x2575d30:_CURRENT_
1	0x10f0680	0x10f12e4		0x10f06d1	0x2575d40:_BUTTON | 0x2575d00:FLEETORDER_BUILD_CUSTOM_ | 0x2575d10:_CUSTOM_ | 0x24c522c:HIGHLT | 0x2575d20:FLEETORDER_BUILD_CURRENT_ | 0x2575d30:_CURRENT_ | 0x24c522c:HIGHLT | 0x2575cf0:EXPANSION_COST | 0x24c4b2c:HEADER | 0x2570bc0:BUILD_ORBITAL_STATION_ORDER_MAINTENANCE | 0x24f35d0:RESOURCES | 0x24f05c0:TOOLTIP_TEXT
1	0x10f1400	0x10f1c6a		0x10f147a	0x2575d40:_BUTTON | 0x2575cb0:FLEETORDER_MULTI_BUILD_CUSTOM_ | 0x2575cc0:_BUILD_CUSTOM_ | 0x2575cc8:USTOM_ | 0x2575cd0:FLEETORDER_MULTI_BUILD_CURRENT_ | 0x2575ce0:_BUILD_CURRENT_ | 0x2575ce8:URRENT_
1	0x10f1e30	0x10f24e6		0x10f1e7d	0x2575d40:_BUTTON | 0x2575d00:FLEETORDER_BUILD_CUSTOM_ | 0x2575d10:_CUSTOM_ | 0x24c522c:HIGHLT | 0x2575d20:FLEETORDER_BUILD_CURRENT_ | 0x2575d30:_CURRENT_ | 0x24c522c:HIGHLT
1	0x12311b0	0x12314fd		0x1231252	0x258dca0:diplomacy_voting_view | 0x258dcb0:_view | 0x258dca0:diplomacy_voting_view | 0x258dcb0:_view | 0x258dbc8:diplomacy_voting_view_action_declare_war | 0x258dbd8:_view_action_declare_war | 0x258dbe8:lare_war
1	0x1419000	0x1419290		0x1419065	0x25abb80:_mutation_type | 0x2487708:title | 0x247bce8:background
1	0x1421dd0	0x1421fa3		0x1421e26	0x25acc38:budget_group_ | 0x25acc40:roup_ | 0x25acc68:TODO
1	0x14cf930	0x14cfafb		0x14cf975	
1	0x14cfb00	0x14cfcba		0x14cfb39	0x24f05f8:feature_ | 0x24d0448:_desc
1	0x14e39e0	0x14e3ecf		0x14e3a2b	0x25bac48:HOLDINGS_EMPTY_ | 0x25bac50:_EMPTY_ | 0x25baaa8:HOLDINGS_DESC_ | 0x25baab0:_DESC_
1	0x151cd50	0x151cffc		0x151cef3	0x25bd4a0:GFX_situation_event_progressbar | 0x25bd4a0:GFX_situation_event_progressbar | 0x25bd4b0:ent_progressbar | 0x25bd4b8:ressbar | 0x25bd488:_monodirectional_ | 0x25bd478:_bidirectional_ | 0x24b324c:_short | 0x25bc460:_large
1	0x15c2c40	0x15c2fc5		0x15c2ceb	0x25cc970:HATCHERY_QUEUE | 0x25cc978:_QUEUE | 0x25cc980:BEASTPORT_QUEUE | 0x25cc988:T_QUEUE | 0x25cc990:SHIPYARD_QUEUE | 0x25cc998:_QUEUE
1	0x161f750	0x1620004		0x161fbf7	
1	0x169bb10	0x169c8aa	gui.cpp	0x169bc88	0x252dc80:TIME_LEFT | 0x24f097c:DAYS | 0x25da5e0:TIME_LEFT_MONTHS | 0x24f06f4:MONTHS | 0x258dbf8:TIMEOUT | 0x24f097c:DAYS | 0x25b89b0:situation_log_event_chain_bottom_padding_below_desc | 0x25b89c0:ent_chain_bottom_padding_below_desc | 0x25b89d0:_padding_below_desc | 0x26e7cd8:Tried to get gui_type [%s] which does not exist | 0x24c06b8:ok_popup_window | 0x25da628:research_container_bottom_half
1	0x169c8b0	0x169d7ca		0x169c955	0x24c522c:HIGHLT | 0x25da610:PROJECT_ESTIMATED_TIME | 0x24f06f4:MONTHS | 0x25da590:PROJECT_ESTIMATED_TIME_WARNING | 0x24c4d38:AREA | 0x256f270:CANCEL | 0x24c4b2c:HEADER | 0x25da4d8:ENGINEERING_RESEARCH | 0x24c4b2c:HEADER | 0x25da508:ENGINEERING_RESEARCH_DESC | 0x24f05c0:TOOLTIP_TEXT | 0x25da5b0:SOCIETY_RESEARCH
1	0x16b5af0	0x16b63e3		0x16b60ae	0x25dc7a8:CANNOT_TRADE_DUPLICATE_SPECIMEN | 0x25dc768:SPECIMEN_NOT_TRADABLE | 0x25056d8:EXHIBITION_TITLE_ | 0x25dc780:SPECIMEN_CATEGORY_TT | 0x24efc30:CATEGORY | 0x25dc8a8:SPECIMEN_RARITY_TT | 0x25120f0:RARITY
1	0x1712550	0x17125ba		0x17125a3	
1	0x1734f60	0x1735435		0x1735126	0x2530d28:STATION
1	0x17f0480	0x17f07bb		0x17f062d	
1	0x17f6231	0x17f629c		0x17f626c	
1	0x17f7000	0x17f74db	effect_impl.cpp	0x17f725e	0x2617630:Script Error: Invalid scripted effect:  | 0x2617640:valid scripted effect:  | 0x2617650:ffect:  | 0x24f2770: at  | 0x2617658:failed effect validation for " | 0x2617668:lidation for " | 0x2617670: for " | 0x2617380:Error " | 0x2617360:" when compiling instance of "
1	0x17f77c3	0x17f7827		0x17f77fe	
1	0x17f8ac0	0x17f8eae	effect_impl.cpp	0x17f8ba4	0x2617410:: total random weight is 0, in weights section of  | 0x2617420:eight is 0, in weights section of  | 0x2617430:eights section of  | 0x24f2770: at 
1	0x17fb470	0x17fb59c	effect_impl.cpp	0x17fb4eb	
1	0x183dc35	0x183dc99		0x183dc70	
1	0x1891558	0x18915ba	effect_impl_variables.h	0x1891596	
1	0x189167e	0x18916db		0x18916b0	
1	0x18a62a0	0x18a6378		0x18a62f9	
1	0x18a6380	0x18a6458		0x18a63d9	
1	0x18c9825	0x18c98aa		0x18c988d	
1	0x18ca0a5	0x18ca12a		0x18ca10d	
1	0x18ca925	0x18ca9aa		0x18ca98d	
1	0x18cb1d5	0x18cb25a		0x18cb23d	
1	0x18cba55	0x18cbada		0x18cbabd	
1	0x18d36b0	0x18d3e83		0x18d370c	0x262d9e8:SOURCE | 0x24f6fd8:TARGET | 0x263f720:_EXCEPTIONS | 0x262d9e8:SOURCE | 0x24f6fd8:TARGET | 0x263f6e0:EXCEPTIONS
1	0x18d3e90	0x18d3f39		0x18d3ed2	
1	0x18d4050	0x18d4389	effect_impl_country.cpp	0x18d426a	0x263f708: invalid tradition:  | 0x24f2770: at 
1	0x18d4730	0x18d4a69	effect_impl_country.cpp	0x18d494a	0x263f4c8: invalid ascension perk:  | 0x24f2770: at 
1	0x18d64e0	0x18d6a9c		0x18d6651	0x2640128:EFFECT_CLEAR_RELATIONS | 0x2640360:SCOPED_COUNTRY | 0x2640370:TARGET_COUNTRY | 0x26402f8:RELATION_KEYS
1	0x18da750	0x18daa58		0x18da828	0x26409f0:SET_FEDERATION_SUCCESSION_TYPE | 0x24e92b4:TYPE | 0x24f7938:FEDERATION
1	0x18dab70	0x18daec8		0x18dac7f	0x2640a38:SET_FEDERATION_SUCCESSION_TERM | 0x24fdc60:TERM | 0x24f7938:FEDERATION
1	0x18db5e0	0x18dbda4		0x18db846	0x26409a0:FEDERATION_SETTING | 0x26409b8:SETTING | 0x24b3254:VALUE | 0x2640798:SET_FEDERATION_SETTINGS | 0x26407b0:SETTINGS
1	0x18ec370	0x18ec544		0x18ec3f1	
1	0x1905220	0x1905298		0x1905243	
1	0x1905330	0x190540e	effect_impl_starbase.cpp	0x1905365	0x2644458:Invalid type '%s' at %s.
1	0x1905af0	0x1905b68		0x1905b13	
1	0x19219f0	0x1922296	effect_impl_vivarium.cpp,gamestate_global.h	0x1922061	0x24b5e98:Illegal call to AccessCurrentGameState! | 0x2646fb8:%s: Specified design isn't a space fauna: %s at %s
1	0x1922940	0x1922e77		0x1922aed	0x2646ea0:GIVE_DNA_EFFECT | 0x25120f0:RARITY | 0x24efc30:CATEGORY
1	0x1a1abb0	0x1a1ad87	script_lists.h	0x1a1ad16	0x266a738:effect_ordered | 0x266a740:rdered | 0x266a680:for effect tooltip | 0x2617388:Empty %s effect at %s, no effects are executed
1	0x1a76440	0x1a764ed		0x1a7646c	0x266a758:%s_trigger
1	0x1a87520	0x1a875cd		0x1a8754c	0x266a670:effect_%s
1	0x1aa5180	0x1aa549a		0x1aa51d1	0x26a42f8:IS_NOT_SHIP_CLASS | 0x26a42e8:IS_SHIP_CLASS | 0x26a4310:CLASSNAME
1	0x1ab2426	0x1ab247c		0x1ab2458	
1	0x1abacc8	0x1abad2a	trigger_impl.cpp	0x1abad06	
1	0x1abad60	0x1abae65	trigger_impl.cpp	0x1abaddf	
1	0x1abc715	0x1abc79a		0x1abc77d	
1	0x1abccbb	0x1abcd40		0x1abcd23	
1	0x1ac00a0	0x1ac0275	trigger_impl.cpp	0x1ac0219	
1	0x1ad54a0	0x1ad571f		0x1ad54f1	0x26b06a8:HAS_NOT_DEPOSIT_FOR_TRIGGER | 0x26b0690:HAS_DEPOSIT_FOR_TRIGGER | 0x24eda44:CLASS
1	0x1ae31b0	0x1ae33fa		0x1ae31f3	0x26b2a28:HAS_NOT_FLEET_ORDER | 0x26b2a18:HAS_FLEET_ORDER | 0x26b2a3c:ORDER
1	0x1aeda00	0x1aedd4f		0x1aeda76	0x26b69f8:CHECK_POP_FACTION_PARAMETER_NOT_TRIGGER | 0x26b69d0:CHECK_POP_FACTION_PARAMETER_TRIGGER
1	0x1b0013d	0x1b00193		0x1b0016f	
1	0x1b03b10	0x1b03d6c		0x1b03b66	0x26b9b38:IS_NOT_SCOPE_TYPE | 0x26bb6c8:IS_SCOPE_TYPE | 0x26b9b50:SCOPETYPE
1	0x1b03ddc	0x1b03e32		0x1b03e0e	
1	0x1b0b1c0	0x1b0b40a		0x1b0b206	0x26bd458:CARRIER_IS_NOT_TYPE | 0x26bd220:CARRIER_IS_TYPE | 0x24e92b4:TYPE
1	0x1b41b50	0x1b41c97		0x1b41bd6	
1	0x1b54b50	0x1b54deb		0x1b54bc0	0x26c8698:IS_NOT_POSITION_ON_CURRENT_RESOLUTION | 0x26c8670:IS_POSITION_ON_CURRENT_RESOLUTION | 0x261f570:POSITION
1	0x1b54e40	0x1b550db		0x1b54eb0	0x26c8648:IS_NOT_POSITION_ON_LAST_RESOLUTION | 0x26c8748:IS_POSITION_ON_LAST_RESOLUTION | 0x261f570:POSITION
1	0x1b59bcf	0x1b59c54		0x1b59c37	
1	0x1b66130	0x1b663c1		0x1b66171	0x26ca628:federation_setting_ | 0x26ca640:HAS_NOT_FEDERATION_SETTING | 0x26ca5e0:HAS_FEDERATION_SETTING
1	0x1b68a80	0x1b68ee1		0x1b68b66	0x24fa55c:_NAME | 0x26caa50:TRIGGER_INTEL_AVAILABLE_NOT | 0x24fc8b8:INTEL | 0x24fb980:COUNTRY | 0x24fa55c:_NAME | 0x26caa70:TRIGGER_INTEL_AVAILABLE | 0x24fc8b8:INTEL
1	0x1b69000	0x1b69461		0x1b690e6	0x24fa55c:_NAME | 0x26ca988:TRIGGER_INTEL_STALE_NOT | 0x24fc8b8:INTEL | 0x24fb980:COUNTRY | 0x24fa55c:_NAME | 0x26ca9a0:TRIGGER_INTEL_STALE | 0x24fc8b8:INTEL
1	0x1b69eb0	0x1b69ef4		0x1b69ed8	
1	0x1b75724	0x1b75786	trigger_impl_species.cpp	0x1b75762	
1	0x1b83270	0x1b83596	trigger_impl_starbase.cpp	0x1b832f8	0x26cc6b8:Invalid Scope for trigger  | 0x24f2770: at  | 0x26cc6d8:Expected starbase got 
1	0x1b8bb20	0x1b8be80		0x1b8bc4b	
1	0x1ba8710	0x1ba89af	session.cpp	0x1ba88e8	0x26ce418:REQUESTING HOTJOIN
1	0x1ba89b0	0x1ba8ba8		0x1ba8af3	
1	0x1bcd640	0x1bcd7e0		0x1bcd6e5	
1	0x1bce7e0	0x1bceafe		0x1bce91b	
1	0x1bf9b90	0x1bf9d05		0x1bf9c68	
1	0x1bfa3a0	0x1bfa57e		0x1bfa487	
1	0x1c3acb0	0x1c3cecc	server.cpp	0x1c3b2b8	0x26d46b8:Banned client attempt | 0x26d46a0:Failed to send ban to  | 0x26d4668:Connection request received | 0x26d4610:Failed to send INVALID_PRIVILEGES to  | 0x26d45f8:Failed to send version | 0x26d4650:Type request received. | 0x26d4638:Failed to send type to  | 0x26e4d40:Unreadable String | 0x26e4d40:Unreadable String | 0x26d4588:Name is available | 0x26d4578:Name is taken | 0x26d45d0:Join disabled with reason code: 
1	0x1d116a0	0x1d117cf		0x1d116ec	
1	0x1d12360	0x1d1247b		0x1d1239a	
1	0x1d124a7	0x1d124dd		0x1d124bf	
